{"cameraMode":{"drawMode":0,"name":"Shaded","section":"Shading Mode"},"sceneLighting":false,"audioPlay":false,"sceneViewState":{"m_AlwaysRefresh":false,"showFog":true,"showSkybox":false,"showFlares":true,"showImageEffects":true,"showParticleSystems":true,"showVisualEffectGraphs":true,"m_FxEnabled":true},"in2DMode":false,"pivot":{"x":-0.0011327266693115235,"y":0.21331092715263368,"z":-0.2793968915939331},"rotation":{"x":0.05547059327363968,"y":-0.00599011592566967,"z":0.00033380778040736914,"w":0.9984458684921265},"size":1.6317049264907838,"orthographic":false}