{"cameraMode":{"drawMode":0,"name":"Shaded","section":"Shading Mode"},"sceneLighting":false,"audioPlay":false,"sceneViewState":{"m_AlwaysRefresh":false,"showFog":false,"showSkybox":false,"showFlares":false,"showImageEffects":false,"showParticleSystems":false,"showVisualEffectGraphs":true,"m_FxEnabled":true},"in2DMode":false,"pivot":{"x":-0.00014984607696533203,"y":1.0407339334487916,"z":0.024002403020858766},"rotation":{"x":-0.030142121016979219,"y":-0.933287501335144,"z":0.08086234331130982,"w":-0.3487892150878906},"size":1.7499648332595826,"orthographic":false}