{"cameraMode":{"drawMode":0,"name":"Shaded","section":"Shading Mode"},"sceneLighting":false,"audioPlay":false,"sceneViewState":{"m_AlwaysRefresh":false,"showFog":true,"showSkybox":false,"showFlares":true,"showImageEffects":true,"showParticleSystems":true,"showVisualEffectGraphs":true,"m_FxEnabled":true},"in2DMode":false,"pivot":{"x":-36.418914794921878,"y":16.81075668334961,"z":-4.7557783126831059},"rotation":{"x":0.028149187564849855,"y":0.9091180562973023,"z":-0.4109046757221222,"w":0.06227864325046539},"size":19.616323471069337,"orthographic":false}