{"cameraMode":{"drawMode":0,"name":"Shaded","section":"Shading Mode"},"sceneLighting":false,"audioPlay":false,"sceneViewState":{"m_AlwaysRefresh":false,"showFog":true,"showSkybox":false,"showFlares":true,"showImageEffects":true,"showParticleSystems":true,"showVisualEffectGraphs":true,"m_FxEnabled":true},"in2DMode":false,"pivot":{"x":-0.4294576048851013,"y":-0.12443064153194428,"z":0.6991741061210632},"rotation":{"x":0.30345985293388369,"y":-0.5851961970329285,"z":0.2504561245441437,"w":0.7090401649475098},"size":0.36747294664382937,"orthographic":true}