{"cameraMode":{"drawMode":0,"name":"Shaded","section":"Shading Mode"},"sceneLighting":false,"audioPlay":false,"sceneViewState":{"m_AlwaysRefresh":false,"showFog":true,"showSkybox":false,"showFlares":true,"showImageEffects":true,"showParticleSystems":true,"showVisualEffectGraphs":true,"m_FxEnabled":true},"in2DMode":false,"pivot":{"x":-0.40610355138778689,"y":-0.22269843518733979,"z":0.5086932182312012},"rotation":{"x":0.21921798586845399,"y":-0.4836386442184448,"z":0.1265346109867096,"w":0.8378772139549255},"size":0.36747294664382937,"orthographic":true}