{"cameraMode":{"drawMode":0,"name":"Shaded","section":"Shading Mode"},"sceneLighting":false,"audioPlay":false,"sceneViewState":{"m_AlwaysRefresh":false,"showFog":true,"showSkybox":false,"showFlares":true,"showImageEffects":true,"showParticleSystems":true,"showVisualEffectGraphs":true,"m_FxEnabled":true},"in2DMode":false,"pivot":{"x":0.017467305064201356,"y":0.2752683758735657,"z":-0.9695785045623779},"rotation":{"x":-0.005781900603324175,"y":0.7248931527137756,"z":-0.006091745104640722,"w":-0.6888237595558167},"size":0.4227907061576843,"orthographic":false}