{"cameraMode":{"drawMode":0,"name":"Shaded","section":"Shading Mode"},"sceneLighting":false,"audioPlay":false,"sceneViewState":{"m_AlwaysRefresh":false,"showFog":false,"showSkybox":false,"showFlares":false,"showImageEffects":false,"showParticleSystems":false,"showVisualEffectGraphs":true,"m_FxEnabled":true},"in2DMode":false,"pivot":{"x":-0.0014448165893554688,"y":3.2966785430908205,"z":-0.10131296515464783},"rotation":{"x":0.09568263590335846,"y":0.48030662536621096,"z":-0.052796557545661929,"w":0.870279848575592},"size":3.780186414718628,"orthographic":false}