{"cameraMode":{"drawMode":0,"name":"Shaded","section":"Shading Mode"},"sceneLighting":true,"audioPlay":false,"sceneViewState":{"m_AlwaysRefresh":false,"showFog":true,"showSkybox":true,"showFlares":true,"showImageEffects":true,"showParticleSystems":true,"showVisualEffectGraphs":true,"m_FxEnabled":true},"in2DMode":false,"pivot":{"x":-8.739472389221192,"y":0.0916895866394043,"z":21.491191864013673},"rotation":{"x":0.21164782345294953,"y":-0.1540633887052536,"z":0.03381031006574631,"w":0.9645748138427734},"size":3.9449024200439455,"orthographic":false}