{"cameraMode":{"drawMode":0,"name":"Shaded","section":"Shading Mode"},"sceneLighting":true,"audioPlay":false,"sceneViewState":{"m_AlwaysRefresh":false,"showFog":true,"showSkybox":true,"showFlares":true,"showImageEffects":true,"showParticleSystems":true,"showVisualEffectGraphs":true,"m_FxEnabled":true},"in2DMode":false,"pivot":{"x":455.54962158203127,"y":28.414527893066408,"z":46.06976318359375},"rotation":{"x":-0.012927140109241009,"y":-0.8766747117042542,"z":0.02370220422744751,"w":-0.48046666383743288},"size":0.8660253882408142,"orthographic":false}