{"cameraMode":{"drawMode":0,"name":"Shaded","section":"Shading Mode"},"sceneLighting":true,"audioPlay":false,"sceneViewState":{"m_AlwaysRefresh":false,"showFog":true,"showSkybox":true,"showFlares":true,"showImageEffects":true,"showParticleSystems":true,"showVisualEffectGraphs":true,"m_FxEnabled":true},"in2DMode":false,"pivot":{"x":20.109127044677736,"y":1.6342620849609376,"z":20.29230308532715},"rotation":{"x":-0.044071704149246219,"y":-0.2006240338087082,"z":0.009024939499795437,"w":-0.9786600470542908},"size":18.641328811645509,"orthographic":false}