{"cameraMode":{"drawMode":0,"name":"Shaded","section":"Shading Mode"},"sceneLighting":true,"audioPlay":false,"sceneViewState":{"m_AlwaysRefresh":false,"showFog":true,"showSkybox":true,"showFlares":true,"showImageEffects":true,"showParticleSystems":true,"showVisualEffectGraphs":true,"m_FxEnabled":true},"in2DMode":false,"pivot":{"x":61.87941360473633,"y":28.836421966552736,"z":94.52987670898438},"rotation":{"x":-0.025502784177660943,"y":-0.017064716666936876,"z":0.0002993724774569273,"w":-0.999723494052887},"size":0.8660253882408142,"orthographic":false}