{"cameraMode":{"drawMode":0,"name":"Shaded","section":"Shading Mode"},"sceneLighting":false,"audioPlay":false,"sceneViewState":{"m_AlwaysRefresh":false,"showFog":true,"showSkybox":true,"showFlares":true,"showImageEffects":true,"showParticleSystems":true,"showVisualEffectGraphs":true,"m_FxEnabled":true},"in2DMode":false,"pivot":{"x":67.53437042236328,"y":27.878257751464845,"z":91.35923767089844},"rotation":{"x":0.07669681310653687,"y":-0.6218775510787964,"z":0.06138991191983223,"w":0.7769331932067871},"size":0.8660253882408142,"orthographic":false}