{"cameraMode":{"drawMode":0,"name":"Shaded","section":"Shading Mode"},"sceneLighting":false,"audioPlay":false,"sceneViewState":{"m_AlwaysRefresh":false,"showFog":true,"showSkybox":true,"showFlares":true,"showImageEffects":true,"showParticleSystems":true,"showVisualEffectGraphs":true,"m_FxEnabled":true},"in2DMode":false,"pivot":{"x":223.78228759765626,"y":-110.36912536621094,"z":-496.46954345703127},"rotation":{"x":-0.014971649274230004,"y":-0.9847338795661926,"z":0.10975658893585205,"w":-0.1343487650156021},"size":312.4411315917969,"orthographic":false}