{"cameraMode":{"drawMode":0,"name":"Shaded","section":"Shading Mode"},"sceneLighting":true,"audioPlay":false,"sceneViewState":{"m_AlwaysRefresh":false,"showFog":true,"showSkybox":true,"showFlares":true,"showImageEffects":true,"showParticleSystems":true,"showVisualEffectGraphs":true,"m_FxEnabled":true},"in2DMode":false,"pivot":{"x":87.27820587158203,"y":28.237581253051759,"z":95.22667694091797},"rotation":{"x":-0.008979924023151398,"y":-0.06621266156435013,"z":0.0005990504869259894,"w":-0.9978111982345581},"size":2.1073949337005617,"orthographic":false}