{"cameraMode":{"drawMode":0,"name":"Shaded","section":"Shading Mode"},"sceneLighting":false,"audioPlay":false,"sceneViewState":{"m_AlwaysRefresh":false,"showFog":true,"showSkybox":true,"showFlares":true,"showImageEffects":true,"showParticleSystems":true,"showVisualEffectGraphs":true,"m_FxEnabled":true},"in2DMode":false,"pivot":{"x":71.20809173583985,"y":26.822200775146486,"z":86.87284088134766},"rotation":{"x":0.01824212446808815,"y":-0.26089802384376528,"z":0.0049303313717246059,"w":0.9651849269866943},"size":2.0674164295196535,"orthographic":false}