{"cameraMode":{"drawMode":0,"name":"Shaded","section":"Shading Mode"},"sceneLighting":true,"audioPlay":false,"sceneViewState":{"m_AlwaysRefresh":false,"showFog":true,"showSkybox":true,"showFlares":true,"showImageEffects":true,"showParticleSystems":true,"showVisualEffectGraphs":true,"m_FxEnabled":true},"in2DMode":false,"pivot":{"x":28.804794311523439,"y":-2.805936336517334,"z":8.995654106140137},"rotation":{"x":0.012123404070734978,"y":0.9409737586975098,"z":-0.3365674316883087,"w":0.033888768404722217},"size":7.159510612487793,"orthographic":false}