{"cameraMode":{"drawMode":0,"name":"Shaded","section":"Shading Mode"},"sceneLighting":false,"audioPlay":false,"sceneViewState":{"m_AlwaysRefresh":false,"showFog":true,"showSkybox":true,"showFlares":true,"showImageEffects":true,"showParticleSystems":true,"showVisualEffectGraphs":true,"m_FxEnabled":true},"in2DMode":false,"pivot":{"x":66.27702331542969,"y":28.667835235595704,"z":91.75436401367188},"rotation":{"x":0.028748391196131707,"y":-0.20837078988552094,"z":0.0061265770345926289,"w":0.9776101112365723},"size":0.8660253882408142,"orthographic":false}