{"cameraMode":{"drawMode":0,"name":"Shaded","section":"Shading Mode"},"sceneLighting":false,"audioPlay":false,"sceneViewState":{"m_AlwaysRefresh":false,"showFog":true,"showSkybox":false,"showFlares":true,"showImageEffects":true,"showParticleSystems":true,"showVisualEffectGraphs":true,"m_FxEnabled":true},"in2DMode":false,"pivot":{"x":-0.013493329286575318,"y":0.5684243440628052,"z":-0.23212501406669618},"rotation":{"x":-0.08728016912937164,"y":0.10678689926862717,"z":-0.00941536482423544,"w":-0.9904089570045471},"size":0.6726217865943909,"orthographic":false}