{"cameraMode":{"drawMode":0,"name":"Shaded","section":"Shading Mode"},"sceneLighting":false,"audioPlay":false,"sceneViewState":{"m_AlwaysRefresh":false,"showFog":true,"showSkybox":false,"showFlares":true,"showImageEffects":true,"showParticleSystems":true,"showVisualEffectGraphs":true,"m_FxEnabled":true},"in2DMode":false,"pivot":{"x":0.18810081481933595,"y":-0.31622952222824099,"z":0.21761608123779298},"rotation":{"x":0.014138988219201565,"y":0.9633679389953613,"z":-0.2628898024559021,"w":0.05182020366191864},"size":2.049999952316284,"orthographic":false}