{"cameraMode":{"drawMode":0,"name":"Shaded","section":"Shading Mode"},"sceneLighting":false,"audioPlay":false,"sceneViewState":{"m_AlwaysRefresh":false,"showFog":true,"showSkybox":false,"showFlares":true,"showImageEffects":true,"showParticleSystems":true,"showVisualEffectGraphs":true,"m_FxEnabled":true},"in2DMode":false,"pivot":{"x":0.0000016689300537109376,"y":0.166781947016716,"z":-1.1920928955078126e-7},"rotation":{"x":0.0033148748334497215,"y":0.9964880347251892,"z":0.06886737048625946,"w":-0.04787059500813484},"size":0.8555122017860413,"orthographic":false}