{"cameraMode":{"drawMode":0,"name":"Shaded","section":"Shading Mode"},"sceneLighting":false,"audioPlay":false,"sceneViewState":{"m_AlwaysRefresh":false,"showFog":true,"showSkybox":false,"showFlares":true,"showImageEffects":true,"showParticleSystems":true,"showVisualEffectGraphs":true,"m_FxEnabled":true},"in2DMode":false,"pivot":{"x":-0.007952392101287842,"y":0.32977205514907839,"z":-0.039114534854888919},"rotation":{"x":0.0033148748334497215,"y":0.9964880347251892,"z":0.06886737048625946,"w":-0.04787059500813484},"size":0.5375245809555054,"orthographic":false}