{"cameraMode":{"drawMode":0,"name":"Shaded","section":"Shading Mode"},"sceneLighting":false,"audioPlay":false,"sceneViewState":{"m_AlwaysRefresh":false,"showFog":true,"showSkybox":false,"showFlares":true,"showImageEffects":true,"showParticleSystems":true,"showVisualEffectGraphs":true,"m_FxEnabled":true},"in2DMode":false,"pivot":{"x":4.331589221954346,"y":0.023086071014404298,"z":10.47988510131836},"rotation":{"x":0.28180253505706789,"y":-0.3328178822994232,"z":0.10488417744636536,"w":0.8938170075416565},"size":3.8657851219177248,"orthographic":false}