{"cameraMode":{"drawMode":0,"name":"Shaded","section":"Shading Mode"},"sceneLighting":false,"audioPlay":false,"sceneViewState":{"m_AlwaysRefresh":false,"showFog":true,"showSkybox":false,"showFlares":true,"showImageEffects":true,"showParticleSystems":true,"showVisualEffectGraphs":true,"m_FxEnabled":true},"in2DMode":false,"pivot":{"x":0.39387959241867068,"y":0.026364875957369806,"z":0.2071433812379837},"rotation":{"x":-0.004868471063673496,"y":0.7637878060340881,"z":-0.005707330536097288,"w":-0.6455321907997131},"size":0.8960769176483154,"orthographic":false}